n_estimators,max_depth,max_features,min_samples_split,min_samples_leaf,acc_train,acc_test,f1_train,f1_test,n_features_
200,64.0,sqrt,2,1.0,0.9965528502485577,0.8764150943396226,0.9871403168009628,0.7113194200184935,324
100,64.0,sqrt,2,1.0,0.996534707355129,0.8760522496371553,0.9868946306704153,0.7104122750192818,324
300,64.0,sqrt,2,1.0,0.9965528502485577,0.8749637155297533,0.9871207397386446,0.7102745199274373,324
200,,sqrt,2,1.0,0.9965528502485577,0.8754716981132076,0.9871402289719566,0.7067267839619459,324
300,,sqrt,2,1.0,0.9965528502485577,0.8759796806966619,0.9871208274188948,0.7039809667755409,324
300,32.0,sqrt,2,1.0,0.974926521281614,0.8748185776487664,0.9340951818045347,0.7036359716308302,324
100,,sqrt,2,1.0,0.996534707355129,0.8747460087082729,0.9868945869368971,0.7029829068609538,324
100,64.0,log2,2,1.0,0.9964984215682717,0.8722060957910015,0.986243569143019,0.699720035236313,324
200,,log2,2,1.0,0.9965528502485577,0.8700290275761974,0.9871204325924176,0.6987047925613745,324
200,64.0,log2,2,1.0,0.9965528502485577,0.8698838896952105,0.9871206958858864,0.6986055939659229,324
300,64.0,log2,2,1.0,0.9965528502485577,0.8696661828737301,0.9871206958858864,0.6977043556051332,324
200,32.0,sqrt,2,1.0,0.9746180920933271,0.8747460087082729,0.9355156908196401,0.6971372646082422,324
300,,log2,2,1.0,0.9965528502485577,0.8697387518142236,0.9871207397386446,0.6959607480651037,324
100,32.0,sqrt,2,1.0,0.9743096629050401,0.8732946298984035,0.9313094708708181,0.6952837387122011,324
100,,log2,2,1.0,0.9965165644617003,0.8697387518142236,0.9865693331847257,0.6951644691662926,324
100,64.0,sqrt,5,1.0,0.9775572408287674,0.875544267053701,0.8556663229239195,0.6780541217825932,324
200,64.0,sqrt,5,1.0,0.9781922420987699,0.8757619738751814,0.8510456744923222,0.6747098107936506,324
200,,sqrt,5,1.0,0.9783736710330564,0.8753991291727141,0.852348409423329,0.6744575146009337,324
300,64.0,sqrt,5,1.0,0.9787546717950579,0.8752539912917271,0.8567302173455302,0.67433905887149,324
300,,sqrt,5,1.0,0.9789361007293443,0.8750362844702467,0.8521863880681898,0.6742130067361279,324
100,,sqrt,5,1.0,0.9777386697630538,0.8741654571843251,0.8469869876177872,0.6700326180941149,324
300,,log2,5,1.0,0.9754163794041874,0.8685050798258346,0.8305479475047747,0.6686383764823464,324
100,,log2,5,1.0,0.9735295184876084,0.8690130624092888,0.8245839648464064,0.6684331698657863,324
300,64.0,log2,5,1.0,0.9722595159476033,0.8679970972423803,0.8164038668413229,0.6675597610291444,324
200,,log2,5,1.0,0.9748176639210421,0.8695210449927431,0.8236096701526231,0.6657856130965709,324
200,64.0,log2,5,1.0,0.9720962299067455,0.8683599419448476,0.817614248460714,0.6642315646672178,324
300,32.0,sqrt,5,1.0,0.9430131717406292,0.8702467343976777,0.7506656936268813,0.6637096428565202,324
100,64.0,log2,5,1.0,0.9710257991944555,0.8673439767779391,0.8148248709846754,0.6634982078728665,324
300,32.0,log2,2,1.0,0.955767625820966,0.8620464441219158,0.8151521439500039,0.6617402316186287,324
100,32.0,sqrt,5,1.0,0.9428135999129141,0.8715529753265603,0.7531412626983894,0.660952346354238,324
200,32.0,sqrt,5,1.0,0.9432127435683443,0.8706095791001451,0.753968989690779,0.6601626170379623,324
100,32.0,log2,2,1.0,0.9547334808955332,0.8611030478955007,0.8203692599811804,0.6569725777430924,324
200,32.0,log2,2,1.0,0.954951195616677,0.8611030478955007,0.8119347660458837,0.6536053728960075,324
100,32.0,log2,5,1.0,0.9186835516528176,0.8540638606676343,0.680729064822649,0.6441860665884153,324
300,,sqrt,2,2.0,0.9315831488805835,0.8695210449927431,0.6911733083666475,0.6437417300210946,324
300,64.0,sqrt,2,2.0,0.9316920062411553,0.8695210449927431,0.6931426842536209,0.6437124713421899,324
300,,sqrt,5,2.0,0.9289342864400014,0.8683599419448476,0.6843427900887473,0.6429292064830505,324
200,64.0,sqrt,5,2.0,0.9288617148662869,0.8694484760522496,0.6881388784612091,0.6397281748349514,324
200,,sqrt,5,2.0,0.9291520011611452,0.8690856313497823,0.6845139666489245,0.6394900172393939,324
300,64.0,sqrt,5,2.0,0.9290975724808592,0.8690130624092888,0.6853039460975547,0.6394857080287332,324
200,64.0,sqrt,2,2.0,0.9317101491345839,0.8686502177068215,0.6912400035411629,0.639084892561301,324
100,,sqrt,2,2.0,0.9304220037011502,0.8684325108853411,0.6864486280431815,0.6390795186379564,324
100,64.0,sqrt,5,2.0,0.927736855473711,0.8684325108853411,0.6850920002718667,0.6390635937563015,324
100,64.0,sqrt,2,2.0,0.9310207191842955,0.8684325108853411,0.6878419300311224,0.638995134300793,324
100,32.0,sqrt,5,2.0,0.9114626800682173,0.8657474600870827,0.6682032143673937,0.6368043056551259,324
300,32.0,sqrt,5,2.0,0.9115171087485032,0.8656748911465892,0.6671460570440586,0.6367197121112753,324
300,32.0,sqrt,2,2.0,0.9122246815922204,0.8655297532656023,0.6647417009592975,0.6366843781137982,324
100,32.0,sqrt,2,2.0,0.9121158242316485,0.8654571843251089,0.6693236208468393,0.6366625173290452,324
200,32.0,sqrt,5,2.0,0.9108821074785006,0.865312046444122,0.6636844664873068,0.6364239936919537,324
200,32.0,sqrt,2,2.0,0.9118981095105048,0.8646589259796807,0.6684395707224698,0.6359068186789384,324
200,,sqrt,2,2.0,0.9316012917740121,0.8688679245283019,0.6873372034849833,0.6352713565817129,324
100,,sqrt,5,2.0,0.9289705722268587,0.8682873730043541,0.6888784065814252,0.6349074168409681,324
100,20.0,sqrt,2,1.0,0.8966580790304438,0.8591436865021771,0.6685820671590307,0.6346030536198219,324
300,20.0,sqrt,2,1.0,0.8966036503501579,0.858200290275762,0.6698942431079375,0.6340135885084707,324
200,20.0,sqrt,2,1.0,0.8967850792844443,0.8572568940493469,0.671867115963047,0.6332242366496823,324
300,32.0,log2,5,1.0,0.9192096955622483,0.8555152394775036,0.6792545808161364,0.6302506919262357,324
200,32.0,log2,5,1.0,0.9196088392176784,0.8552249637155298,0.6785644385940346,0.62990982952911,324
300,20.0,sqrt,5,1.0,0.8868064878986901,0.8566763425253991,0.6406891702519241,0.6287234340946525,324
200,20.0,sqrt,5,1.0,0.8866794876446896,0.8565312046444122,0.6385109074332113,0.6285320675976181,324
100,20.0,sqrt,5,1.0,0.888185347799267,0.855878084179971,0.6397627487246947,0.624222434664499,324
300,20.0,sqrt,2,2.0,0.8775173264632243,0.8549346879535559,0.6187822047613214,0.6231892372871528,324
300,20.0,sqrt,5,2.0,0.8770818970209369,0.8540638606676343,0.6183690566086945,0.6225003239674777,324
200,20.0,sqrt,5,2.0,0.8772633259552234,0.8534107402031931,0.6195319660817599,0.6218502363172056,324
200,20.0,sqrt,2,2.0,0.8771363257012228,0.8534107402031931,0.6194062009896023,0.6218368590416958,324
100,20.0,sqrt,5,2.0,0.8778257556515113,0.8533381712626996,0.6177888965306007,0.6217271754231369,324
100,20.0,sqrt,2,2.0,0.8768278965129359,0.8523947750362845,0.6192202516655909,0.621048549640266,324
200,,log2,2,2.0,0.8947530752204361,0.8496371552975327,0.6282966629215256,0.6175407734767757,324
200,64.0,log2,2,2.0,0.89429950288472,0.8492017416545719,0.6290097082868157,0.6172176199806771,324
300,,log2,2,2.0,0.8945535033927211,0.8492743105950653,0.6271018001650556,0.6131127289066124,324
100,,log2,2,2.0,0.8934286440001451,0.8490566037735849,0.6251319991092203,0.6129370929328354,324
300,64.0,log2,2,2.0,0.8938277876555754,0.8488388969521045,0.6265347342866451,0.6128842980578096,324
100,64.0,log2,2,2.0,0.8926303566892848,0.8486937590711175,0.6266328195695007,0.6128120812914485,324
200,,log2,5,2.0,0.8918864980587105,0.8485486211901306,0.6216149294224148,0.6083390107976969,324
300,,log2,5,2.0,0.8926666424761421,0.8481857764876632,0.6222917417536526,0.6081742811460019,324
100,,log2,5,2.0,0.8923219275009978,0.8495645863570392,0.6187826606850723,0.6051721412306313,324
200,64.0,log2,5,2.0,0.89215864146014,0.8489114658925979,0.6218683128283308,0.6044284700970696,324
300,64.0,log2,5,2.0,0.8918864980587105,0.8484760522496372,0.6217067051856247,0.6041036176214757,324
100,64.0,log2,5,2.0,0.8917050691244239,0.8491291727140784,0.6171887410746133,0.6005502373996513,324
200,32.0,log2,5,2.0,0.8725643165572046,0.8399129172714078,0.6075561050737489,0.5997906731048382,324
300,32.0,log2,5,2.0,0.8721651729017744,0.8391872278664732,0.6060997721209026,0.5991547543222556,324
100,32.0,log2,2,2.0,0.8721470300083457,0.8386792452830188,0.6028330383907982,0.5948942604350892,324
100,32.0,log2,5,2.0,0.8711310279763417,0.8378084179970973,0.5964511090167296,0.593860183766093,324
200,32.0,log2,2,2.0,0.8723103160492035,0.8392597968069666,0.5928968299332549,0.5864722971122842,324
300,32.0,log2,2,2.0,0.8725824594506332,0.8388969521044993,0.5919939794277683,0.5861269267243961,324
200,64.0,sqrt,2,5.0,0.8848470554083965,0.8577648766328012,0.6006206587294446,0.5826670274552533,324
200,64.0,sqrt,5,5.0,0.8848470554083965,0.8577648766328012,0.6006206587294446,0.5826670274552533,324
200,,sqrt,2,5.0,0.8849014840886824,0.8574020319303338,0.6006695464593312,0.5823417465233841,324
200,,sqrt,5,5.0,0.8849014840886824,0.8574020319303338,0.6006695464593312,0.5823417465233841,324
100,32.0,sqrt,2,5.0,0.8796944736746616,0.8568214804063861,0.5967002796269268,0.5819715874104151,324
100,32.0,sqrt,5,5.0,0.8796944736746616,0.8568214804063861,0.5967002796269268,0.5819715874104151,324
100,,sqrt,2,5.0,0.8844116259661091,0.8567489114658926,0.600344908130541,0.5819656766410359,324
100,,sqrt,5,5.0,0.8844116259661091,0.8567489114658926,0.600344908130541,0.5819656766410359,324
100,64.0,sqrt,2,5.0,0.8842483399252513,0.8567489114658926,0.6002172817241169,0.5819544247424558,324
100,64.0,sqrt,5,5.0,0.8842483399252513,0.8567489114658926,0.6002172817241169,0.5819544247424558,324
300,,sqrt,2,5.0,0.8847381980478247,0.8578374455732947,0.6005789253802398,0.5781025315674151,324
300,,sqrt,5,5.0,0.8847381980478247,0.8578374455732947,0.6005789253802398,0.5781025315674151,324
300,64.0,sqrt,2,5.0,0.8846656264741101,0.8576197387518142,0.6005095187333203,0.5779322798607393,324
300,64.0,sqrt,5,5.0,0.8846656264741101,0.8576197387518142,0.6005095187333203,0.5779322798607393,324
300,32.0,sqrt,2,5.0,0.8800573315432345,0.8566763425253991,0.5969458322631439,0.5770564288141548,324
300,32.0,sqrt,5,5.0,0.8800573315432345,0.8566763425253991,0.5969458322631439,0.5770564288141548,324
200,32.0,sqrt,2,5.0,0.879168329765231,0.8560232220609579,0.596218073619965,0.5765542227494687,324
200,32.0,sqrt,5,5.0,0.879168329765231,0.8560232220609579,0.596218073619965,0.5765542227494687,324
300,,sqrt,2,10.0,0.8645995863420298,0.8486937590711175,0.5678295479815268,0.5557205727507536,324
300,,sqrt,5,10.0,0.8645995863420298,0.8486937590711175,0.5678295479815268,0.5557205727507536,324
300,64.0,sqrt,2,10.0,0.8645995863420298,0.8486937590711175,0.5678295479815268,0.5557205727507536,324
300,64.0,sqrt,5,10.0,0.8645995863420298,0.8486937590711175,0.5678295479815268,0.5557205727507536,324
200,32.0,sqrt,2,10.0,0.8633840124823107,0.8482583454281567,0.5667297288936445,0.5551857649765352,324
200,32.0,sqrt,5,10.0,0.8633840124823107,0.8482583454281567,0.5667297288936445,0.5551857649765352,324
200,,sqrt,2,10.0,0.8648354439566022,0.8480406386066763,0.5678989305426067,0.5549490820798836,324
200,,sqrt,5,10.0,0.8648354439566022,0.8480406386066763,0.5678989305426067,0.5549490820798836,324
200,64.0,sqrt,2,10.0,0.8648354439566022,0.8480406386066763,0.5678989305426067,0.5549490820798836,324
200,64.0,sqrt,5,10.0,0.8648354439566022,0.8480406386066763,0.5678989305426067,0.5549490820798836,324
100,32.0,sqrt,2,10.0,0.8635291556297399,0.847677793904209,0.5670536322905336,0.5549446896954359,324
100,32.0,sqrt,5,10.0,0.8635291556297399,0.847677793904209,0.5670536322905336,0.5549446896954359,324
300,32.0,sqrt,2,10.0,0.862912297253166,0.847677793904209,0.5664760126440659,0.5548572458421264,324
300,32.0,sqrt,5,10.0,0.862912297253166,0.847677793904209,0.5664760126440659,0.5548572458421264,324
100,,sqrt,2,10.0,0.864799158169745,0.8473149492017417,0.5679078189796527,0.5545091024551249,324
100,,sqrt,5,10.0,0.864799158169745,0.8473149492017417,0.5679078189796527,0.5545091024551249,324
100,64.0,sqrt,2,10.0,0.864799158169745,0.8473149492017417,0.5679078189796527,0.5545091024551249,324
100,64.0,sqrt,5,10.0,0.864799158169745,0.8473149492017417,0.5679078189796527,0.5545091024551249,324
100,20.0,sqrt,2,5.0,0.8615152944591603,0.8462264150943396,0.56483583298317,0.5530958708213118,324
100,20.0,sqrt,5,5.0,0.8615152944591603,0.8462264150943396,0.56483583298317,0.5530958708213118,324
200,20.0,sqrt,2,5.0,0.8609891505497297,0.8461538461538461,0.5645381486016579,0.5530335519045417,324
200,20.0,sqrt,5,5.0,0.8609891505497297,0.8461538461538461,0.5645381486016579,0.5530335519045417,324
300,20.0,sqrt,2,5.0,0.8621140099423056,0.8450653120464441,0.5655487762942691,0.5523099778765118,324
300,20.0,sqrt,5,5.0,0.8621140099423056,0.8450653120464441,0.5655487762942691,0.5523099778765118,324
300,20.0,sqrt,2,10.0,0.8534598497768424,0.8411465892597968,0.5581084584443967,0.5486189240734685,324
300,20.0,sqrt,5,10.0,0.8534598497768424,0.8411465892597968,0.5581084584443967,0.5486189240734685,324
100,,sqrt,2,20.0,0.8500127000254001,0.8403483309143687,0.5554199231052886,0.5481089381267615,324
100,,sqrt,5,20.0,0.8500127000254001,0.8403483309143687,0.5554199231052886,0.5481089381267615,324
100,64.0,sqrt,2,20.0,0.8500127000254001,0.8403483309143687,0.5554199231052886,0.5481089381267615,324
100,64.0,sqrt,5,20.0,0.8500127000254001,0.8403483309143687,0.5554199231052886,0.5481089381267615,324
100,20.0,sqrt,2,10.0,0.8538771363257012,0.8403483309143687,0.5585070094445533,0.5480932327338469,324
100,20.0,sqrt,5,10.0,0.8538771363257012,0.8403483309143687,0.5585070094445533,0.5480932327338469,324
200,20.0,sqrt,2,10.0,0.8526252766791248,0.8403483309143687,0.5573274542565998,0.5478945070680868,324
200,20.0,sqrt,5,10.0,0.8526252766791248,0.8403483309143687,0.5573274542565998,0.5478945070680868,324
100,32.0,sqrt,2,20.0,0.8501034144925432,0.8398403483309144,0.5554411287965307,0.5476387544256364,324
100,32.0,sqrt,5,20.0,0.8501034144925432,0.8398403483309144,0.5554411287965307,0.5476387544256364,324
300,,sqrt,2,20.0,0.8491781269276825,0.8395500725689405,0.5546374712635949,0.547315565222721,324
300,,sqrt,5,20.0,0.8491781269276825,0.8395500725689405,0.5546374712635949,0.547315565222721,324
300,64.0,sqrt,2,20.0,0.8491781269276825,0.8395500725689405,0.5546374712635949,0.547315565222721,324
300,64.0,sqrt,5,20.0,0.8491781269276825,0.8395500725689405,0.5546374712635949,0.547315565222721,324
200,,sqrt,2,20.0,0.8491962698211111,0.8393323657474601,0.5545530333134249,0.5470960792758653,324
200,,sqrt,5,20.0,0.8491962698211111,0.8393323657474601,0.5545530333134249,0.5470960792758653,324
200,64.0,sqrt,2,20.0,0.8491962698211111,0.8393323657474601,0.5545530333134249,0.5470960792758653,324
200,64.0,sqrt,5,20.0,0.8491962698211111,0.8393323657474601,0.5545530333134249,0.5470960792758653,324
200,32.0,sqrt,2,20.0,0.849559127689684,0.8390420899854862,0.5549391753982881,0.5468273016773272,324
200,32.0,sqrt,5,20.0,0.849559127689684,0.8390420899854862,0.5549391753982881,0.5468273016773272,324
300,32.0,sqrt,2,20.0,0.8488696977393955,0.8381712626995645,0.5544482092719019,0.546184665871952,324
300,32.0,sqrt,5,20.0,0.8488696977393955,0.8381712626995645,0.5544482092719019,0.546184665871952,324
300,20.0,sqrt,2,20.0,0.843844116259661,0.8333091436865022,0.5494779644015542,0.5414781057212682,324
300,20.0,sqrt,5,20.0,0.843844116259661,0.8333091436865022,0.5494779644015542,0.5414781057212682,324
100,20.0,sqrt,2,20.0,0.842882542907943,0.832510885341074,0.5484995952774482,0.5406071190412127,324
100,20.0,sqrt,5,20.0,0.842882542907943,0.832510885341074,0.5484995952774482,0.5406071190412127,324
200,20.0,sqrt,2,20.0,0.8419209695562249,0.832510885341074,0.5476458246207697,0.5405143163266893,324
200,20.0,sqrt,5,20.0,0.8419209695562249,0.832510885341074,0.5476458246207697,0.5405143163266893,324
100,,log2,2,5.0,0.8511738452048333,0.8328737300435414,0.5540662174122476,0.5392960983733346,324
100,,log2,5,5.0,0.8511738452048333,0.8328737300435414,0.5540662174122476,0.5392960983733346,324
100,64.0,log2,2,5.0,0.8507202728691172,0.8318577648766328,0.5536428962558448,0.5383562976096956,324
100,64.0,log2,5,5.0,0.8507202728691172,0.8318577648766328,0.5536428962558448,0.5383562976096956,324
200,20.0,log2,2,1.0,0.8384193911244965,0.8084179970972424,0.5587857264653259,0.5365970016567777,324
300,,log2,2,5.0,0.8481621248956783,0.8293178519593614,0.5511396660515681,0.5358999900019111,324
300,,log2,5,5.0,0.8481621248956783,0.8293178519593614,0.5511396660515681,0.5358999900019111,324
300,64.0,log2,2,5.0,0.8481439820022497,0.8292452830188679,0.5511310762108207,0.5358158389036487,324
300,64.0,log2,5,5.0,0.8481439820022497,0.8292452830188679,0.5511310762108207,0.5358158389036487,324
200,,log2,2,5.0,0.8483435538299648,0.8293178519593614,0.5512646338143895,0.5357766244300002,324
200,,log2,5,5.0,0.8483435538299648,0.8293178519593614,0.5512646338143895,0.5357766244300002,324
200,64.0,log2,2,5.0,0.8477629812402482,0.8285921625544267,0.5507097233742616,0.535042014203884,324
200,64.0,log2,5,5.0,0.8477629812402482,0.8285921625544267,0.5507097233742616,0.535042014203884,324
300,20.0,log2,2,1.0,0.8407961101636489,0.8100870827285922,0.5575910190292029,0.5336606755868399,324
100,20.0,log2,2,1.0,0.8363873870604884,0.8092162554426705,0.5580236060056792,0.5330325411083888,324
100,32.0,sqrt,2,50.0,0.8298922312130339,0.8235123367198839,0.5366000583832714,0.531977429234951,324
100,32.0,sqrt,5,50.0,0.8298922312130339,0.8235123367198839,0.5366000583832714,0.531977429234951,324
100,,sqrt,2,50.0,0.8302732319750353,0.8232946298984035,0.5369087129401989,0.5317070264966595,324
100,,sqrt,5,50.0,0.8302732319750353,0.8232946298984035,0.5369087129401989,0.5317070264966595,324
100,64.0,sqrt,2,50.0,0.8302732319750353,0.8232946298984035,0.5369087129401989,0.5317070264966595,324
100,64.0,sqrt,5,50.0,0.8302732319750353,0.8232946298984035,0.5369087129401989,0.5317070264966595,324
300,,sqrt,2,50.0,0.8304728038027505,0.8232220609579101,0.537026949213779,0.5315690207895964,324
300,,sqrt,5,50.0,0.8304728038027505,0.8232220609579101,0.537026949213779,0.5315690207895964,324
300,64.0,sqrt,2,50.0,0.8304728038027505,0.8232220609579101,0.537026949213779,0.5315690207895964,324
300,64.0,sqrt,5,50.0,0.8304728038027505,0.8232220609579101,0.537026949213779,0.5315690207895964,324
300,32.0,sqrt,2,50.0,0.8305816611633223,0.8230043541364296,0.5370910324956855,0.5314053871790924,324
300,32.0,sqrt,5,50.0,0.8305816611633223,0.8230043541364296,0.5370910324956855,0.5314053871790924,324
200,,sqrt,2,50.0,0.8292028012627454,0.8220609579100145,0.5359002925262925,0.5306167957051118,324
200,,sqrt,5,50.0,0.8292028012627454,0.8220609579100145,0.5359002925262925,0.5306167957051118,324
200,64.0,sqrt,2,50.0,0.8292028012627454,0.8220609579100145,0.5359002925262925,0.5306167957051118,324
200,64.0,sqrt,5,50.0,0.8292028012627454,0.8220609579100145,0.5359002925262925,0.5306167957051118,324
200,32.0,sqrt,2,50.0,0.8292753728364599,0.8216255442670537,0.5359220390408975,0.5301445363692264,324
200,32.0,sqrt,5,50.0,0.8292753728364599,0.8216255442670537,0.5359220390408975,0.5301445363692264,324
100,20.0,log2,5,1.0,0.8276062266410247,0.8063134978229318,0.5439803092323902,0.5300237239898561,324
300,20.0,log2,5,1.0,0.8274610834935956,0.8060957910014513,0.5426639977131388,0.5297213662826327,324
200,20.0,sqrt,2,50.0,0.8266809390761639,0.8208272859216256,0.5331952193576521,0.5288400115054679,324
200,20.0,sqrt,5,50.0,0.8266809390761639,0.8208272859216256,0.5331952193576521,0.5288400115054679,324
100,20.0,sqrt,2,50.0,0.8274247977067383,0.8201741654571844,0.5339404444150345,0.5287619651143273,324
100,20.0,sqrt,5,50.0,0.8274247977067383,0.8201741654571844,0.5339404444150345,0.5287619651143273,324
300,20.0,sqrt,2,50.0,0.8267353677564498,0.8206095791001451,0.5332038740985571,0.5286943838374708,324
300,20.0,sqrt,5,50.0,0.8267353677564498,0.8206095791001451,0.5332038740985571,0.5286943838374708,324
300,32.0,log2,2,5.0,0.8383105337639247,0.8223512336719884,0.541662434963131,0.528460087790908,324
300,32.0,log2,5,5.0,0.8383105337639247,0.8223512336719884,0.541662434963131,0.528460087790908,324
200,32.0,log2,2,5.0,0.8376392467070648,0.8214078374455733,0.5408211550839723,0.5273121860572383,324
200,32.0,log2,5,5.0,0.8376392467070648,0.8214078374455733,0.5408211550839723,0.5273121860572383,324
100,32.0,log2,2,5.0,0.8368772451830618,0.8213352685050799,0.5401801659517007,0.5271979654569517,324
100,32.0,log2,5,5.0,0.8368772451830618,0.8213352685050799,0.5401801659517007,0.5271979654569517,324
200,20.0,log2,5,1.0,0.8237417903407236,0.8016690856313498,0.5388985229575746,0.5250440796209004,324
300,,log2,2,10.0,0.8211110707935702,0.8103047895500726,0.5250983484860089,0.5160462050807516,324
300,,log2,5,10.0,0.8211110707935702,0.8103047895500726,0.5250983484860089,0.5160462050807516,324
300,64.0,log2,2,10.0,0.8211110707935702,0.8103047895500726,0.5250983484860089,0.5160462050807516,324
300,64.0,log2,5,10.0,0.8211110707935702,0.8103047895500726,0.5250983484860089,0.5160462050807516,324
100,,log2,2,10.0,0.8208933560724264,0.8089985486211901,0.5246899218161479,0.514741762374335,324
100,,log2,5,10.0,0.8208933560724264,0.8089985486211901,0.5246899218161479,0.514741762374335,324
100,64.0,log2,2,10.0,0.8208933560724264,0.8089985486211901,0.5246899218161479,0.514741762374335,324
100,64.0,log2,5,10.0,0.8208933560724264,0.8089985486211901,0.5246899218161479,0.514741762374335,324
200,,log2,2,10.0,0.8203853550564244,0.8087082728592162,0.5241805376901811,0.5144332229737999,324
200,,log2,5,10.0,0.8203853550564244,0.8087082728592162,0.5241805376901811,0.5144332229737999,324
200,64.0,log2,2,10.0,0.8203853550564244,0.8087082728592162,0.5241805376901811,0.5144332229737999,324
200,64.0,log2,5,10.0,0.8203853550564244,0.8087082728592162,0.5241805376901811,0.5144332229737999,324
100,20.0,log2,2,2.0,0.8165209187561232,0.802467343976778,0.5230017883425323,0.5119766039041046,324
100,20.0,log2,5,2.0,0.8098261910809536,0.7974600870827286,0.5171010489380317,0.5112953454794806,324
200,20.0,log2,5,2.0,0.8095177618926667,0.7960087082728592,0.5167258583607495,0.5096473855160921,324
300,32.0,log2,2,10.0,0.8145614862658297,0.8037735849056604,0.518193934332271,0.5092693025009284,324
300,32.0,log2,5,10.0,0.8145614862658297,0.8037735849056604,0.518193934332271,0.5092693025009284,324
100,32.0,log2,2,10.0,0.8128016256032512,0.8031204644412192,0.5165603124243665,0.5086057265287245,324
100,32.0,log2,5,10.0,0.8128016256032512,0.8031204644412192,0.5165603124243665,0.5086057265287245,324
200,20.0,log2,2,2.0,0.8107514786458144,0.7987663280116111,0.5169208529983143,0.5078972005366419,324
200,32.0,log2,2,10.0,0.8123843390543924,0.8021770682148041,0.5161049973920327,0.5076850410631117,324
200,32.0,log2,5,10.0,0.8123843390543924,0.8021770682148041,0.5161049973920327,0.5076850410631117,324
300,20.0,log2,5,2.0,0.8105156210312421,0.7972423802612482,0.5165785589448076,0.5060763165583284,324
300,20.0,log2,2,2.0,0.8135454842338256,0.8005805515239478,0.51621956236922,0.5050405405282166,324
100,20.0,log2,2,5.0,0.8016618890380638,0.7933962264150943,0.504494668933635,0.49765943287959874,324
100,20.0,log2,5,5.0,0.8016618890380638,0.7933962264150943,0.504494668933635,0.49765943287959874,324
300,20.0,log2,2,5.0,0.7981965963931927,0.7915094339622641,0.5006196117934703,0.4952688725276318,324
300,20.0,log2,5,5.0,0.7981965963931927,0.7915094339622641,0.5006196117934703,0.4952688725276318,324
300,,log2,2,20.0,0.7949490184694655,0.7886066763425253,0.4977615703414695,0.4927162519810057,324
300,,log2,5,20.0,0.7949490184694655,0.7886066763425253,0.4977615703414695,0.4927162519810057,324
300,64.0,log2,2,20.0,0.7949490184694655,0.7886066763425253,0.4977615703414695,0.4927162519810057,324
300,64.0,log2,5,20.0,0.7949490184694655,0.7886066763425253,0.4977615703414695,0.4927162519810057,324
200,,log2,2,20.0,0.7943503029863203,0.7888243831640058,0.49685948804228913,0.4924480470728289,324
200,,log2,5,20.0,0.7943503029863203,0.7888243831640058,0.49685948804228913,0.4924480470728289,324
200,64.0,log2,2,20.0,0.7943503029863203,0.7888243831640058,0.49685948804228913,0.4924480470728289,324
200,64.0,log2,5,20.0,0.7943503029863203,0.7888243831640058,0.49685948804228913,0.4924480470728289,324
200,32.0,log2,2,20.0,0.7949671613628941,0.7886792452830189,0.49740847924159715,0.49230884073537445,324
200,32.0,log2,5,20.0,0.7949671613628941,0.7886792452830189,0.49740847924159715,0.49230884073537445,324
100,10.0,sqrt,2,2.0,0.7817954207336986,0.7800435413642961,0.48854885260420366,0.4921890085867777,324
300,32.0,log2,2,20.0,0.7943684458797489,0.7876632801161103,0.4970657505039772,0.4916199245799701,324
300,32.0,log2,5,20.0,0.7943684458797489,0.7876632801161103,0.4970657505039772,0.4916199245799701,324
200,20.0,log2,2,5.0,0.7941507311586051,0.787155297532656,0.4961510358749137,0.4905317188057922,324
200,20.0,log2,5,5.0,0.7941507311586051,0.787155297532656,0.4961510358749137,0.4905317188057922,324
100,10.0,sqrt,2,1.0,0.7794187016945463,0.7785921625544268,0.4855139336073215,0.4901453516760739,324
100,32.0,log2,2,20.0,0.7918465836931674,0.7863570391872279,0.493993019621959,0.48953479605576966,324
100,32.0,log2,5,20.0,0.7918465836931674,0.7863570391872279,0.493993019621959,0.48953479605576966,324
100,,log2,2,20.0,0.7910664392757357,0.786066763425254,0.49302363623524226,0.4891343384286968,324
100,,log2,5,20.0,0.7910664392757357,0.786066763425254,0.49302363623524226,0.4891343384286968,324
100,64.0,log2,2,20.0,0.7910664392757357,0.786066763425254,0.49302363623524226,0.4891343384286968,324
100,64.0,log2,5,20.0,0.7910664392757357,0.786066763425254,0.49302363623524226,0.4891343384286968,324
200,10.0,sqrt,2,1.0,0.7775499836713959,0.7762699564586357,0.4834691622378737,0.4875900352407469,324
100,10.0,sqrt,5,1.0,0.7780216989005406,0.7758345428156749,0.48406196003704277,0.4871429431182907,324
300,10.0,sqrt,5,1.0,0.7773685547371095,0.7750362844702468,0.483222718113331,0.48636218208562515,324
100,20.0,log2,2,10.0,0.7862222867302877,0.7822931785195936,0.4878101602403575,0.4852272596690977,324
100,20.0,log2,5,10.0,0.7862222867302877,0.7822931785195936,0.4878101602403575,0.4852272596690977,324
200,10.0,sqrt,5,1.0,0.7758445516891034,0.7736574746008709,0.48128223538894993,0.48462480566937943,324
300,10.0,sqrt,2,1.0,0.7786022714902573,0.7769230769230769,0.4812409221504139,0.483665263925787,324
300,20.0,log2,2,10.0,0.78498856997714,0.7806966618287373,0.4862668485223776,0.4832612831347041,324
300,20.0,log2,5,10.0,0.78498856997714,0.7806966618287373,0.4862668485223776,0.4832612831347041,324
200,20.0,log2,2,10.0,0.7837004245437063,0.7805515239477504,0.484882020797543,0.4830581117902044,324
200,20.0,log2,5,10.0,0.7837004245437063,0.7805515239477504,0.484882020797543,0.4830581117902044,324
200,20.0,log2,2,20.0,0.7806342755542653,0.7777939042089985,0.48190703405745583,0.4804288355871873,324
200,20.0,log2,5,20.0,0.7806342755542653,0.7777939042089985,0.48190703405745583,0.4804288355871873,324
300,10.0,sqrt,5,2.0,0.7795638448419754,0.7777213352685051,0.4800646261872989,0.47968959047103416,324
300,10.0,sqrt,2,2.0,0.7789651293588301,0.7770682148040639,0.4792163726156202,0.4789724597746745,324
200,10.0,sqrt,2,10.0,0.777695126818825,0.776632801161103,0.4778720618109668,0.478460029862448,324
200,10.0,sqrt,5,10.0,0.777695126818825,0.776632801161103,0.4778720618109668,0.478460029862448,324
300,20.0,log2,2,20.0,0.778366413875685,0.7758345428156749,0.47920674821078507,0.47811881212669566,324
300,20.0,log2,5,20.0,0.778366413875685,0.7758345428156749,0.47920674821078507,0.47811881212669566,324
100,10.0,sqrt,2,20.0,0.7768061250408215,0.7761248185776488,0.4771496882847206,0.47810251167915396,324
100,10.0,sqrt,5,20.0,0.7768061250408215,0.7761248185776488,0.4771496882847206,0.47810251167915396,324
100,10.0,sqrt,2,10.0,0.7776044123516819,0.7764150943396226,0.47754571753330216,0.47808549701965547,324
100,10.0,sqrt,5,10.0,0.7776044123516819,0.7764150943396226,0.47754571753330216,0.47808549701965547,324
100,10.0,sqrt,5,2.0,0.7778584128596828,0.7761248185776488,0.4780818049753324,0.4780015738519867,324
300,10.0,sqrt,2,10.0,0.7774592692042527,0.7760522496371552,0.47761400665169945,0.4778541806571704,324
300,10.0,sqrt,5,10.0,0.7774592692042527,0.7760522496371552,0.47761400665169945,0.4778541806571704,324
200,10.0,sqrt,5,2.0,0.777749555499111,0.7760522496371552,0.4779224814425745,0.4778204213511563,324
100,20.0,log2,2,20.0,0.7780216989005406,0.775544267053701,0.47869015929221587,0.47766539447081335,324
100,20.0,log2,5,20.0,0.7780216989005406,0.775544267053701,0.47869015929221587,0.47766539447081335,324
300,10.0,sqrt,2,5.0,0.7773504118436808,0.7754716981132076,0.47731029509044426,0.47700966177048576,324
300,10.0,sqrt,5,5.0,0.7773504118436808,0.7754716981132076,0.47731029509044426,0.47700966177048576,324
200,10.0,sqrt,2,2.0,0.7765521245328205,0.7748911465892598,0.4764128186805224,0.4764353930948591,324
300,10.0,sqrt,2,20.0,0.7759352661562466,0.7745283018867924,0.4760384579783324,0.47613621801924033,324
300,10.0,sqrt,5,20.0,0.7759352661562466,0.7745283018867924,0.4760384579783324,0.47613621801924033,324
100,10.0,sqrt,2,50.0,0.774538263362241,0.7737300435413643,0.47453882352746257,0.4754575991369388,324
100,10.0,sqrt,5,50.0,0.774538263362241,0.7737300435413643,0.47453882352746257,0.4754575991369388,324
200,10.0,sqrt,2,20.0,0.774483834681955,0.7738026124818578,0.4743246717776202,0.47522798109131026,324
200,10.0,sqrt,5,20.0,0.774483834681955,0.7738026124818578,0.4743246717776202,0.47522798109131026,324
200,10.0,sqrt,2,5.0,0.7746471207228128,0.7732946298984035,0.47411793068781666,0.4744195899963157,324
200,10.0,sqrt,5,5.0,0.7746471207228128,0.7732946298984035,0.47411793068781666,0.4744195899963157,324
300,10.0,sqrt,2,50.0,0.7741391197068108,0.7727866473149492,0.47414512678200965,0.4743758176583744,324
300,10.0,sqrt,5,50.0,0.7741391197068108,0.7727866473149492,0.47414512678200965,0.4743758176583744,324
100,10.0,sqrt,2,5.0,0.7738306905185239,0.7724238026124819,0.4730898169678926,0.4734122201134352,324
100,10.0,sqrt,5,5.0,0.7738306905185239,0.7724238026124819,0.4730898169678926,0.4734122201134352,324
200,10.0,sqrt,2,50.0,0.7732864037156646,0.7719158200290276,0.4730857996616433,0.47337138366127124,324
200,10.0,sqrt,5,50.0,0.7732864037156646,0.7719158200290276,0.4730857996616433,0.47337138366127124,324
100,,log2,2,50.0,0.7722704016836605,0.7689404934687953,0.47226960486823205,0.4701108691308054,324
100,,log2,5,50.0,0.7722704016836605,0.7689404934687953,0.47226960486823205,0.4701108691308054,324
100,64.0,log2,2,50.0,0.7722704016836605,0.7689404934687953,0.47226960486823205,0.4701108691308054,324
100,64.0,log2,5,50.0,0.7722704016836605,0.7689404934687953,0.47226960486823205,0.4701108691308054,324
200,,log2,2,50.0,0.7713995427990856,0.7681422351233672,0.4709275386220358,0.4690673091630711,324
200,,log2,5,50.0,0.7713995427990856,0.7681422351233672,0.4709275386220358,0.4690673091630711,324
200,64.0,log2,2,50.0,0.7713995427990856,0.7681422351233672,0.4709275386220358,0.4690673091630711,324
200,64.0,log2,5,50.0,0.7713995427990856,0.7681422351233672,0.4709275386220358,0.4690673091630711,324
100,32.0,log2,2,50.0,0.7716535433070866,0.7680696661828738,0.47137624486010116,0.4690217063137241,324
100,32.0,log2,5,50.0,0.7716535433070866,0.7680696661828738,0.47137624486010116,0.4690217063137241,324
300,,log2,2,50.0,0.7710003991436555,0.7671262699564586,0.47040640806724926,0.46791910309444157,324
300,,log2,5,50.0,0.7710003991436555,0.7671262699564586,0.47040640806724926,0.46791910309444157,324
300,64.0,log2,2,50.0,0.7710003991436555,0.7671262699564586,0.47040640806724926,0.46791910309444157,324
300,64.0,log2,5,50.0,0.7710003991436555,0.7671262699564586,0.47040640806724926,0.46791910309444157,324
100,20.0,sqrt,2,0.005,0.7697303966036504,0.7669811320754717,0.46916302779581026,0.4679012684078124,324
100,20.0,sqrt,5,0.005,0.7697303966036504,0.7669811320754717,0.46916302779581026,0.4679012684078124,324
100,,sqrt,2,0.005,0.7696941108167931,0.7669811320754717,0.4691308903038105,0.4678646844981725,324
100,,sqrt,5,0.005,0.7696941108167931,0.7669811320754717,0.4691308903038105,0.4678646844981725,324
100,32.0,sqrt,2,0.005,0.7696941108167931,0.7669811320754717,0.4691308903038105,0.4678646844981725,324
100,32.0,sqrt,5,0.005,0.7696941108167931,0.7669811320754717,0.4691308903038105,0.4678646844981725,324
100,64.0,sqrt,2,0.005,0.7696941108167931,0.7669811320754717,0.4691308903038105,0.4678646844981725,324
100,64.0,sqrt,5,0.005,0.7696941108167931,0.7669811320754717,0.4691308903038105,0.4678646844981725,324
300,,sqrt,2,0.005,0.769186109800791,0.7667634252539913,0.46858818704342325,0.46761828894826857,324
300,,sqrt,5,0.005,0.769186109800791,0.7667634252539913,0.46858818704342325,0.46761828894826857,324
300,32.0,sqrt,2,0.005,0.769186109800791,0.7667634252539913,0.46858818704342325,0.46761828894826857,324
300,32.0,sqrt,5,0.005,0.769186109800791,0.7667634252539913,0.46858818704342325,0.46761828894826857,324
300,64.0,sqrt,2,0.005,0.769186109800791,0.7667634252539913,0.46858818704342325,0.46761828894826857,324
300,64.0,sqrt,5,0.005,0.769186109800791,0.7667634252539913,0.46858818704342325,0.46761828894826857,324
300,32.0,log2,2,50.0,0.7705105410210821,0.7668359941944848,0.4698242993502422,0.4675536605239781,324
300,32.0,log2,5,50.0,0.7705105410210821,0.7668359941944848,0.4698242993502422,0.4675536605239781,324
300,20.0,sqrt,2,0.005,0.7690409666533619,0.7666182873730043,0.4684223957415903,0.46741720415711346,324
300,20.0,sqrt,5,0.005,0.7690409666533619,0.7666182873730043,0.4684223957415903,0.46741720415711346,324
200,32.0,log2,2,50.0,0.7704379694473674,0.7666182873730043,0.46980610752350066,0.4673436686543413,324
200,32.0,log2,5,50.0,0.7704379694473674,0.7666182873730043,0.46980610752350066,0.4673436686543413,324
100,10.0,log2,5,1.0,0.7698029681773649,0.7661103047895501,0.4687929997007136,0.4664592909080456,324
200,20.0,log2,2,50.0,0.7681701077687869,0.765166908563135,0.4670498723662866,0.4655453101458431,324
200,20.0,log2,5,50.0,0.7681701077687869,0.765166908563135,0.4670498723662866,0.4655453101458431,324
200,,sqrt,2,0.005,0.767553249392213,0.765021770682148,0.466574245552591,0.4654919969668496,324
200,,sqrt,5,0.005,0.767553249392213,0.765021770682148,0.466574245552591,0.4654919969668496,324
200,32.0,sqrt,2,0.005,0.767553249392213,0.765021770682148,0.466574245552591,0.4654919969668496,324
200,32.0,sqrt,5,0.005,0.767553249392213,0.765021770682148,0.466574245552591,0.4654919969668496,324
200,64.0,sqrt,2,0.005,0.767553249392213,0.765021770682148,0.466574245552591,0.4654919969668496,324
200,64.0,sqrt,5,0.005,0.767553249392213,0.765021770682148,0.466574245552591,0.4654919969668496,324
200,20.0,sqrt,2,0.005,0.7675713922856418,0.7648766328011611,0.4665856438058274,0.4653265689588011,324
200,20.0,sqrt,5,0.005,0.7675713922856418,0.7648766328011611,0.4665856438058274,0.4653265689588011,324
100,20.0,log2,2,50.0,0.7683515367030734,0.7648766328011611,0.46704158769481313,0.4649888662674515,324
100,20.0,log2,5,50.0,0.7683515367030734,0.7648766328011611,0.46704158769481313,0.4649888662674515,324
300,20.0,log2,2,50.0,0.7678979643673574,0.7643686502177068,0.46669588829473957,0.46459645945236744,324
300,20.0,log2,5,50.0,0.7678979643673574,0.7643686502177068,0.46669588829473957,0.46459645945236744,324
100,10.0,sqrt,2,0.005,0.7667368191879241,0.7637880986937591,0.465089493846046,0.4637044105680488,324
100,10.0,sqrt,5,0.005,0.7667368191879241,0.7637880986937591,0.465089493846046,0.4637044105680488,324
300,10.0,sqrt,2,0.005,0.7657389600493487,0.7627721335268505,0.46404270643591294,0.46261366563871603,324
300,10.0,sqrt,5,0.005,0.7657389600493487,0.7627721335268505,0.46404270643591294,0.46261366563871603,324
200,10.0,sqrt,2,0.005,0.7647592438042019,0.7623367198838897,0.4627969220859656,0.46203545998627965,324
200,10.0,sqrt,5,0.005,0.7647592438042019,0.7623367198838897,0.4627969220859656,0.46203545998627965,324
100,10.0,log2,2,1.0,0.7658659603033492,0.7624818577648766,0.46364556329339485,0.4618028931771161,324
200,10.0,log2,5,1.0,0.765521245328205,0.7622641509433963,0.4633352744125158,0.4616414031195397,324
100,10.0,log2,5,2.0,0.76465038644363,0.7619738751814223,0.462223837872396,0.46121520867923665,324
100,10.0,log2,2,5.0,0.7645959577633441,0.7619013062409289,0.4622524984409308,0.4612090919846393,324
100,10.0,log2,5,5.0,0.7645959577633441,0.7619013062409289,0.4622524984409308,0.4612090919846393,324
300,10.0,log2,5,1.0,0.7652309590333466,0.7615384615384615,0.4630034506893334,0.46084050345479116,324
100,10.0,log2,2,2.0,0.7648862440582024,0.761465892597968,0.46252906259570176,0.46062659003040163,324
200,10.0,log2,2,5.0,0.7639609564933415,0.7612481857764877,0.4615063293846499,0.46041324067816775,324
200,10.0,log2,5,5.0,0.7639609564933415,0.7612481857764877,0.4615063293846499,0.46041324067816775,324
100,10.0,log2,2,10.0,0.7644145288290577,0.7609579100145137,0.462270620669566,0.4603382425530276,324
100,10.0,log2,5,10.0,0.7644145288290577,0.7609579100145137,0.462270620669566,0.4603382425530276,324
100,,sqrt,2,0.01,0.7633440981167676,0.7604499274310595,0.461478366555617,0.45993290284243765,324
100,,sqrt,5,0.01,0.7633440981167676,0.7604499274310595,0.461478366555617,0.45993290284243765,324
100,20.0,sqrt,2,0.01,0.7633440981167676,0.7604499274310595,0.461478366555617,0.45993290284243765,324
100,20.0,sqrt,5,0.01,0.7633440981167676,0.7604499274310595,0.461478366555617,0.45993290284243765,324
100,32.0,sqrt,2,0.01,0.7633440981167676,0.7604499274310595,0.461478366555617,0.45993290284243765,324
100,32.0,sqrt,5,0.01,0.7633440981167676,0.7604499274310595,0.461478366555617,0.45993290284243765,324
100,64.0,sqrt,2,0.01,0.7633440981167676,0.7604499274310595,0.461478366555617,0.45993290284243765,324
100,64.0,sqrt,5,0.01,0.7633440981167676,0.7604499274310595,0.461478366555617,0.45993290284243765,324
200,10.0,log2,2,2.0,0.7643238143619144,0.7605950653120465,0.4618549714059938,0.4596153471831796,324
300,10.0,log2,2,2.0,0.7642149570013426,0.7604499274310595,0.4617275533699449,0.4594465378122979,324
200,10.0,log2,2,1.0,0.7640335280670562,0.7602322206095791,0.4614984486429543,0.4591660529203884,324
300,10.0,log2,2,5.0,0.7632715265430531,0.7598693759071118,0.4607680855631447,0.4588895361407788,324
300,10.0,log2,5,5.0,0.7632715265430531,0.7598693759071118,0.4607680855631447,0.4588895361407788,324
100,10.0,log2,2,50.0,0.7624369534453355,0.7596516690856313,0.45987839752784115,0.4586756422160037,324
100,10.0,log2,5,50.0,0.7624369534453355,0.7596516690856313,0.45987839752784115,0.4586756422160037,324
300,10.0,log2,2,10.0,0.7631082405021953,0.7597968069666183,0.46047649202430346,0.45864619207405494,324
300,10.0,log2,5,10.0,0.7631082405021953,0.7597968069666183,0.46047649202430346,0.45864619207405494,324
200,10.0,log2,2,10.0,0.7630900976087667,0.7597242380261248,0.4604651978534526,0.4586410824507287,324
200,10.0,log2,5,10.0,0.7630900976087667,0.7597242380261248,0.4604651978534526,0.4586410824507287,324
300,10.0,log2,2,1.0,0.7634529554773395,0.7597242380261248,0.46080763565264427,0.458573988519355,324
200,10.0,log2,5,2.0,0.763017526035052,0.7597242380261248,0.4602929385345506,0.4585615586446623,324
100,10.0,sqrt,2,0.01,0.762817954207337,0.7590711175616836,0.4604294114811694,0.45807849170069287,324
100,10.0,sqrt,5,0.01,0.762817954207337,0.7590711175616836,0.4604294114811694,0.45807849170069287,324
300,,sqrt,2,0.01,0.7625458108059073,0.7586357039187228,0.46016337553407105,0.45774532589782263,324
300,,sqrt,5,0.01,0.7625458108059073,0.7586357039187228,0.46016337553407105,0.45774532589782263,324
300,20.0,sqrt,2,0.01,0.7625458108059073,0.7586357039187228,0.46016337553407105,0.45774532589782263,324
300,20.0,sqrt,5,0.01,0.7625458108059073,0.7586357039187228,0.46016337553407105,0.45774532589782263,324
300,32.0,sqrt,2,0.01,0.7625458108059073,0.7586357039187228,0.46016337553407105,0.45774532589782263,324
300,32.0,sqrt,5,0.01,0.7625458108059073,0.7586357039187228,0.46016337553407105,0.45774532589782263,324
300,64.0,sqrt,2,0.01,0.7625458108059073,0.7586357039187228,0.46016337553407105,0.45774532589782263,324
300,64.0,sqrt,5,0.01,0.7625458108059073,0.7586357039187228,0.46016337553407105,0.45774532589782263,324
100,10.0,log2,2,20.0,0.7621829529373344,0.7586357039187228,0.4594488061775064,0.4574502415776327,324
100,10.0,log2,5,20.0,0.7621829529373344,0.7586357039187228,0.4594488061775064,0.4574502415776327,324
200,,sqrt,2,0.01,0.7622736674044777,0.7582728592162554,0.45982069187906466,0.4572420055782578,324
200,,sqrt,5,0.01,0.7622736674044777,0.7582728592162554,0.45982069187906466,0.4572420055782578,324
200,20.0,sqrt,2,0.01,0.7622736674044777,0.7582728592162554,0.45982069187906466,0.4572420055782578,324
200,20.0,sqrt,5,0.01,0.7622736674044777,0.7582728592162554,0.45982069187906466,0.4572420055782578,324
200,32.0,sqrt,2,0.01,0.7622736674044777,0.7582728592162554,0.45982069187906466,0.4572420055782578,324
200,32.0,sqrt,5,0.01,0.7622736674044777,0.7582728592162554,0.45982069187906466,0.4572420055782578,324
200,64.0,sqrt,2,0.01,0.7622736674044777,0.7582728592162554,0.45982069187906466,0.4572420055782578,324
200,64.0,sqrt,5,0.01,0.7622736674044777,0.7582728592162554,0.45982069187906466,0.4572420055782578,324
300,10.0,log2,5,2.0,0.7623280960847636,0.7584179970972423,0.45950872934356535,0.4570750857284436,324
200,10.0,sqrt,2,0.01,0.7616930948147611,0.7580551523947751,0.4591212233077224,0.4569597798369318,324
200,10.0,sqrt,5,0.01,0.7616930948147611,0.7580551523947751,0.4591212233077224,0.4569597798369318,324
200,10.0,log2,2,50.0,0.7616930948147611,0.758200290275762,0.45887164512518797,0.45694091598786096,324
200,10.0,log2,5,50.0,0.7616930948147611,0.758200290275762,0.45887164512518797,0.45694091598786096,324
300,10.0,sqrt,2,0.01,0.7618382379621902,0.7579825834542816,0.45928191419958186,0.45686265473980675,324
300,10.0,sqrt,5,0.01,0.7618382379621902,0.7579825834542816,0.45928191419958186,0.45686265473980675,324
200,10.0,log2,2,20.0,0.7615842374541892,0.7581277213352685,0.4588344740289165,0.4568559601959203,324
200,10.0,log2,5,20.0,0.7615842374541892,0.7581277213352685,0.4588344740289165,0.4568559601959203,324
300,10.0,log2,2,20.0,0.7614572372001887,0.7576923076923077,0.4587556710531843,0.4563458154354725,324
300,10.0,log2,5,20.0,0.7614572372001887,0.7576923076923077,0.4587556710531843,0.4563458154354725,324
300,10.0,log2,2,50.0,0.76143909430676,0.7576197387518142,0.458572019345838,0.45626072288689307,324
300,10.0,log2,5,50.0,0.76143909430676,0.7576197387518142,0.458572019345838,0.45626072288689307,324
200,20.0,log2,2,0.005,0.7596973765376103,0.7558780841799709,0.45640037504052183,0.4540892314951727,324
200,20.0,log2,5,0.005,0.7596973765376103,0.7558780841799709,0.45640037504052183,0.4540892314951727,324
100,20.0,log2,2,0.005,0.7595340904967525,0.7556603773584906,0.45627565714113966,0.4539557943671371,324
100,20.0,log2,5,0.005,0.7595340904967525,0.7556603773584906,0.45627565714113966,0.4539557943671371,324
200,,log2,2,0.005,0.7595885191770384,0.755732946298984,0.4562710516157094,0.4539178808837792,324
200,,log2,5,0.005,0.7595885191770384,0.755732946298984,0.4562710516157094,0.4539178808837792,324
200,32.0,log2,2,0.005,0.7595885191770384,0.755732946298984,0.4562710516157094,0.4539178808837792,324
200,32.0,log2,5,0.005,0.7595885191770384,0.755732946298984,0.4562710516157094,0.4539178808837792,324
200,64.0,log2,2,0.005,0.7595885191770384,0.755732946298984,0.4562710516157094,0.4539178808837792,324
200,64.0,log2,5,0.005,0.7595885191770384,0.755732946298984,0.4562710516157094,0.4539178808837792,324
300,,log2,2,0.005,0.7592800899887514,0.7556603773584906,0.45590438782117504,0.45379091296303126,324
300,,log2,5,0.005,0.7592800899887514,0.7556603773584906,0.45590438782117504,0.45379091296303126,324
300,32.0,log2,2,0.005,0.7592800899887514,0.7556603773584906,0.45590438782117504,0.45379091296303126,324
300,32.0,log2,5,0.005,0.7592800899887514,0.7556603773584906,0.45590438782117504,0.45379091296303126,324
300,64.0,log2,2,0.005,0.7592800899887514,0.7556603773584906,0.45590438782117504,0.45379091296303126,324
300,64.0,log2,5,0.005,0.7592800899887514,0.7556603773584906,0.45590438782117504,0.45379091296303126,324
100,,log2,2,0.005,0.7594070902427519,0.7555152394775037,0.4561144280748624,0.4537844861853321,324
100,,log2,5,0.005,0.7594070902427519,0.7555152394775037,0.4561144280748624,0.4537844861853321,324
100,32.0,log2,2,0.005,0.7594070902427519,0.7555152394775037,0.4561144280748624,0.4537844861853321,324
100,32.0,log2,5,0.005,0.7594070902427519,0.7555152394775037,0.4561144280748624,0.4537844861853321,324
100,64.0,log2,2,0.005,0.7594070902427519,0.7555152394775037,0.4561144280748624,0.4537844861853321,324
100,64.0,log2,5,0.005,0.7594070902427519,0.7555152394775037,0.4561144280748624,0.4537844861853321,324
300,20.0,log2,2,0.005,0.7591712326281795,0.7555152394775037,0.4557748896419774,0.45361938918605055,324
300,20.0,log2,5,0.005,0.7591712326281795,0.7555152394775037,0.4557748896419774,0.45361938918605055,324
100,,sqrt,2,0.02,0.7584092311041765,0.754644412191582,0.4549267254505229,0.452754967256122,324
100,,sqrt,5,0.02,0.7584092311041765,0.754644412191582,0.4549267254505229,0.452754967256122,324
100,10.0,sqrt,2,0.02,0.7584092311041765,0.754644412191582,0.4549267254505229,0.452754967256122,324
100,10.0,sqrt,5,0.02,0.7584092311041765,0.754644412191582,0.4549267254505229,0.452754967256122,324
100,20.0,sqrt,2,0.02,0.7584092311041765,0.754644412191582,0.4549267254505229,0.452754967256122,324
100,20.0,sqrt,5,0.02,0.7584092311041765,0.754644412191582,0.4549267254505229,0.452754967256122,324
100,32.0,sqrt,2,0.02,0.7584092311041765,0.754644412191582,0.4549267254505229,0.452754967256122,324
100,32.0,sqrt,5,0.02,0.7584092311041765,0.754644412191582,0.4549267254505229,0.452754967256122,324
100,64.0,sqrt,2,0.02,0.7584092311041765,0.754644412191582,0.4549267254505229,0.452754967256122,324
100,64.0,sqrt,5,0.02,0.7584092311041765,0.754644412191582,0.4549267254505229,0.452754967256122,324
300,10.0,sqrt,2,0.02,0.7580100874487463,0.7544267053701016,0.4544851374519059,0.45245550164191545,324
300,10.0,sqrt,5,0.02,0.7580100874487463,0.7544267053701016,0.4544851374519059,0.45245550164191545,324
300,,sqrt,2,0.02,0.757973801661889,0.7542815674891147,0.4544418293844686,0.4522834618839215,324
300,,sqrt,5,0.02,0.757973801661889,0.7542815674891147,0.4544418293844686,0.4522834618839215,324
300,20.0,sqrt,2,0.02,0.757973801661889,0.7542815674891147,0.4544418293844686,0.4522834618839215,324
300,20.0,sqrt,5,0.02,0.757973801661889,0.7542815674891147,0.4544418293844686,0.4522834618839215,324
300,32.0,sqrt,2,0.02,0.757973801661889,0.7542815674891147,0.4544418293844686,0.4522834618839215,324
300,32.0,sqrt,5,0.02,0.757973801661889,0.7542815674891147,0.4544418293844686,0.4522834618839215,324
300,64.0,sqrt,2,0.02,0.757973801661889,0.7542815674891147,0.4544418293844686,0.4522834618839215,324
300,64.0,sqrt,5,0.02,0.757973801661889,0.7542815674891147,0.4544418293844686,0.4522834618839215,324
200,,sqrt,2,0.02,0.7579375158750318,0.7539912917271407,0.45441637542906416,0.4519809425760319,324
200,,sqrt,5,0.02,0.7579375158750318,0.7539912917271407,0.45441637542906416,0.4519809425760319,324
200,20.0,sqrt,2,0.02,0.7579375158750318,0.7539912917271407,0.45441637542906416,0.4519809425760319,324
200,20.0,sqrt,5,0.02,0.7579375158750318,0.7539912917271407,0.45441637542906416,0.4519809425760319,324
200,32.0,sqrt,2,0.02,0.7579375158750318,0.7539912917271407,0.45441637542906416,0.4519809425760319,324
200,32.0,sqrt,5,0.02,0.7579375158750318,0.7539912917271407,0.45441637542906416,0.4519809425760319,324
200,64.0,sqrt,2,0.02,0.7579375158750318,0.7539912917271407,0.45441637542906416,0.4519809425760319,324
200,64.0,sqrt,5,0.02,0.7579375158750318,0.7539912917271407,0.45441637542906416,0.4519809425760319,324
200,10.0,sqrt,2,0.02,0.7579012300881744,0.7539187227866473,0.4543730647818634,0.45189483972161587,324
200,10.0,sqrt,5,0.02,0.7579012300881744,0.7539187227866473,0.4543730647818634,0.45189483972161587,324
100,10.0,log2,2,0.005,0.7575202293261729,0.7534833091436866,0.45383373550370454,0.45137780104698094,324
100,10.0,log2,5,0.005,0.7575202293261729,0.7534833091436866,0.45383373550370454,0.45137780104698094,324
200,10.0,log2,2,0.005,0.7573932290721724,0.7530478955007257,0.4536849275272115,0.45086003821359516,324
200,10.0,log2,5,0.005,0.7573932290721724,0.7530478955007257,0.4536849275272115,0.45086003821359516,324
300,10.0,log2,2,0.005,0.7569940854167423,0.7523947750362845,0.4531359927922584,0.4499241171024151,324
300,10.0,log2,5,0.005,0.7569940854167423,0.7523947750362845,0.4531359927922584,0.4499241171024151,324
100,10.0,log2,2,0.01,0.7517145034290068,0.7473149492017417,0.4467411530917069,0.44380808379454567,324
100,10.0,log2,5,0.01,0.7517145034290068,0.7473149492017417,0.4467411530917069,0.44380808379454567,324
100,,log2,2,0.01,0.7520047897238652,0.7472423802612482,0.4470950766521744,0.4437199737207746,324
100,,log2,5,0.01,0.7520047897238652,0.7472423802612482,0.4470950766521744,0.4437199737207746,324
100,20.0,log2,2,0.01,0.7520047897238652,0.7472423802612482,0.4470950766521744,0.4437199737207746,324
100,20.0,log2,5,0.01,0.7520047897238652,0.7472423802612482,0.4470950766521744,0.4437199737207746,324
100,32.0,log2,2,0.01,0.7520047897238652,0.7472423802612482,0.4470950766521744,0.4437199737207746,324
100,32.0,log2,5,0.01,0.7520047897238652,0.7472423802612482,0.4470950766521744,0.4437199737207746,324
100,64.0,log2,2,0.01,0.7520047897238652,0.7472423802612482,0.4470950766521744,0.4437199737207746,324
100,64.0,log2,5,0.01,0.7520047897238652,0.7472423802612482,0.4470950766521744,0.4437199737207746,324
300,,log2,2,0.01,0.7506259298232882,0.7463715529753265,0.44541089093361697,0.4426610091396697,324
300,,log2,5,0.01,0.7506259298232882,0.7463715529753265,0.44541089093361697,0.4426610091396697,324
300,20.0,log2,2,0.01,0.7506259298232882,0.7463715529753265,0.44541089093361697,0.4426610091396697,324
300,20.0,log2,5,0.01,0.7506259298232882,0.7463715529753265,0.44541089093361697,0.4426610091396697,324
300,32.0,log2,2,0.01,0.7506259298232882,0.7463715529753265,0.44541089093361697,0.4426610091396697,324
300,32.0,log2,5,0.01,0.7506259298232882,0.7463715529753265,0.44541089093361697,0.4426610091396697,324
300,64.0,log2,2,0.01,0.7506259298232882,0.7463715529753265,0.44541089093361697,0.4426610091396697,324
300,64.0,log2,5,0.01,0.7506259298232882,0.7463715529753265,0.44541089093361697,0.4426610091396697,324
300,10.0,log2,2,0.01,0.7497550709387133,0.7456458635703919,0.4443431976449448,0.441776211986653,324
300,10.0,log2,5,0.01,0.7497550709387133,0.7456458635703919,0.4443431976449448,0.441776211986653,324
200,,log2,2,0.01,0.7496099277912841,0.745500725689405,0.4441649462891107,0.441598997750956,324
200,,log2,5,0.01,0.7496099277912841,0.745500725689405,0.4441649462891107,0.441598997750956,324
200,20.0,log2,2,0.01,0.7496099277912841,0.745500725689405,0.4441649462891107,0.441598997750956,324
200,20.0,log2,5,0.01,0.7496099277912841,0.745500725689405,0.4441649462891107,0.441598997750956,324
200,32.0,log2,2,0.01,0.7496099277912841,0.745500725689405,0.4441649462891107,0.441598997750956,324
200,32.0,log2,5,0.01,0.7496099277912841,0.745500725689405,0.4441649462891107,0.441598997750956,324
200,64.0,log2,2,0.01,0.7496099277912841,0.745500725689405,0.4441649462891107,0.441598997750956,324
200,64.0,log2,5,0.01,0.7496099277912841,0.745500725689405,0.4441649462891107,0.441598997750956,324
200,10.0,log2,2,0.01,0.7493377843898545,0.745355587808418,0.4438304913893301,0.44142169838764267,324
200,10.0,log2,5,0.01,0.7493377843898545,0.745355587808418,0.4438304913893301,0.44142169838764267,324
100,,log2,2,0.02,0.73856090569324,0.7361393323657475,0.43033036036769184,0.429946424671615,324
100,,log2,5,0.02,0.73856090569324,0.7361393323657475,0.43033036036769184,0.429946424671615,324
100,10.0,log2,2,0.02,0.73856090569324,0.7361393323657475,0.43033036036769184,0.429946424671615,324
100,10.0,log2,5,0.02,0.73856090569324,0.7361393323657475,0.43033036036769184,0.429946424671615,324
100,20.0,log2,2,0.02,0.73856090569324,0.7361393323657475,0.43033036036769184,0.429946424671615,324
100,20.0,log2,5,0.02,0.73856090569324,0.7361393323657475,0.43033036036769184,0.429946424671615,324
100,32.0,log2,2,0.02,0.73856090569324,0.7361393323657475,0.43033036036769184,0.429946424671615,324
100,32.0,log2,5,0.02,0.73856090569324,0.7361393323657475,0.43033036036769184,0.429946424671615,324
100,64.0,log2,2,0.02,0.73856090569324,0.7361393323657475,0.43033036036769184,0.429946424671615,324
100,64.0,log2,5,0.02,0.73856090569324,0.7361393323657475,0.43033036036769184,0.429946424671615,324
200,,log2,2,0.02,0.7256068797851881,0.7230043541364296,0.413436636497373,0.41304721060305843,324
200,,log2,5,0.02,0.7256068797851881,0.7230043541364296,0.413436636497373,0.41304721060305843,324
200,10.0,log2,2,0.02,0.7256068797851881,0.7230043541364296,0.413436636497373,0.41304721060305843,324
200,10.0,log2,5,0.02,0.7256068797851881,0.7230043541364296,0.413436636497373,0.41304721060305843,324
200,20.0,log2,2,0.02,0.7256068797851881,0.7230043541364296,0.413436636497373,0.41304721060305843,324
200,20.0,log2,5,0.02,0.7256068797851881,0.7230043541364296,0.413436636497373,0.41304721060305843,324
200,32.0,log2,2,0.02,0.7256068797851881,0.7230043541364296,0.413436636497373,0.41304721060305843,324
200,32.0,log2,5,0.02,0.7256068797851881,0.7230043541364296,0.413436636497373,0.41304721060305843,324
200,64.0,log2,2,0.02,0.7256068797851881,0.7230043541364296,0.413436636497373,0.41304721060305843,324
200,64.0,log2,5,0.02,0.7256068797851881,0.7230043541364296,0.413436636497373,0.41304721060305843,324
300,10.0,log2,2,0.02,0.7182408650531587,0.715021770682148,0.403460897492582,0.40235167527743426,324
300,10.0,log2,5,0.02,0.7182408650531587,0.715021770682148,0.403460897492582,0.40235167527743426,324
300,,log2,2,0.02,0.7166987191117239,0.7135703918722787,0.4013377338330217,0.40037337218429925,324
300,,log2,5,0.02,0.7166987191117239,0.7135703918722787,0.4013377338330217,0.40037337218429925,324
300,20.0,log2,2,0.02,0.7166987191117239,0.7135703918722787,0.4013377338330217,0.40037337218429925,324
300,20.0,log2,5,0.02,0.7166987191117239,0.7135703918722787,0.4013377338330217,0.40037337218429925,324
300,32.0,log2,2,0.02,0.7166987191117239,0.7135703918722787,0.4013377338330217,0.40037337218429925,324
300,32.0,log2,5,0.02,0.7166987191117239,0.7135703918722787,0.4013377338330217,0.40037337218429925,324
300,64.0,log2,2,0.02,0.7166987191117239,0.7135703918722787,0.4013377338330217,0.40037337218429925,324
300,64.0,log2,5,0.02,0.7166987191117239,0.7135703918722787,0.4013377338330217,0.40037337218429925,324
